INSERT INTO CUSTOMER (FNAME, LNAME, PHONE, ALT_PHONE, OTHER_INFO) VALUES ('BRIAN', 'JONES', '567-457-5478', NULL, NULL);
INSERT INTO CUSTOMER (FNAME, LNAME, PHONE, ALT_PHONE, OTHER_INFO) VALUES ('LUCIANA', 'SNAAIJER', '235-542-5487', NULL, NULL);
INSERT INTO CUSTOMER (FNAME, LNAME, PHONE, ALT_PHONE, OTHER_INFO) VALUES ('DORJI', 'SACCO', '547-632-5956', NULL, NULL);
INSERT INTO CUSTOMER (FNAME, LNAME, PHONE, ALT_PHONE, OTHER_INFO) VALUES ('ANNE', 'ANDELA', '124-784-3532', NULL, NULL);
INSERT INTO CUSTOMER (FNAME, LNAME, PHONE, ALT_PHONE, OTHER_INFO) VALUES ('STEFANA', 'MARUSKA', '454-587-2354', NULL, NULL);
INSERT INTO CUSTOMER (FNAME, LNAME, PHONE, ALT_PHONE, OTHER_INFO) VALUES ('NITIN', 'DEASUN', '225-378-9214', NULL, NULL);
INSERT INTO CUSTOMER (FNAME, LNAME, PHONE, ALT_PHONE, OTHER_INFO) VALUES ('AELIANA', 'TOWNSEND', '635-852-3541', NULL, NULL);
INSERT INTO CUSTOMER (FNAME, LNAME, PHONE, ALT_PHONE, OTHER_INFO) VALUES ('IOUBAL', 'ALEKSANDROV', '451-758-3625', NULL, NULL);
INSERT INTO CUSTOMER (FNAME, LNAME, PHONE, ALT_PHONE, OTHER_INFO) VALUES ('HERBERT', 'CHAIKIN', '787-521-3547', NULL, NULL);
INSERT INTO CUSTOMER (FNAME, LNAME, PHONE, ALT_PHONE, OTHER_INFO) VALUES ('ARTTURI', 'PHELPS', '314-587-4123', NULL, NULL);
INSERT INTO CUSTOMER (FNAME, LNAME, PHONE, ALT_PHONE, OTHER_INFO) VALUES ('JESSICA', 'AIKEMA', '214-523-9985', NULL, NULL);

INSERT INTO CREDIT (customer_id, card_name, card_number, other_info) VALUES(1,'AMERICAN EXPRESS', 2354487459874512, NULL);
INSERT INTO CREDIT (customer_id, card_name, card_number, other_info) VALUES(2,'MASTERCARD', 5412368747456985, NULL);
INSERT INTO CREDIT (customer_id, card_name, card_number, other_info) VALUES(3,'VISA', 5877459632541247, NULL);
INSERT INTO CREDIT (customer_id, card_name, card_number, other_info) VALUES(4,'DISCOVER', 6358745986325478, NULL);
INSERT INTO CREDIT (customer_id, card_name, card_number, other_info) VALUES(5,'AMERICAN EXPRESS', 3654741256328745, NULL);
INSERT INTO CREDIT (customer_id, card_name, card_number, other_info) VALUES(6,'MASTERCARD', 6358745963214587, NULL);
INSERT INTO CREDIT (customer_id, card_name, card_number, other_info) VALUES(7,'VISA', 6352487469321014, NULL);
INSERT INTO CREDIT (customer_id, card_name, card_number, other_info) VALUES(8,'DISCOVER', 3012498710235478, NULL);
INSERT INTO CREDIT (customer_id, card_name, card_number, other_info) VALUES(9,'AMERICAN EXPRESS', 6320145021347410, NULL);
INSERT INTO CREDIT (customer_id, card_name, card_number, other_info) VALUES(10,'MASTERCARD', 3025987412541036, NULL);
INSERT INTO CREDIT (customer_id, card_name, card_number, other_info) VALUES(11,'VISA', 3021410574685031, NULL);

INSERT INTO ADDRESS1(customer_id, address_type, street, city, state, zip)VALUES(1,'Home', '1521 Dartmouth Ave', 'University City', 'MO', '63130');
INSERT INTO ADDRESS1(customer_id, address_type, street, city, state, zip)VALUES(2,'Home','554 Conway Rd', 'Creve Coeur', 'MO', '63141');
INSERT INTO ADDRESS1(customer_id, address_type, street, city, state, zip)VALUES(3,'Home','8745 Royalbrook Dr', 'Chesterfield', 'MO', '63017');
INSERT INTO ADDRESS1(customer_id, address_type, street, city, state, zip)VALUES(4,'Home','5689 W Skyline Dr', 'Ballwin', 'MO', '63011');
INSERT INTO ADDRESS1(customer_id, address_type, street, city, state, zip)VALUES(5,'Home','447 Grand Teton Dr', 'St. Peters', 'MO', '61636');
INSERT INTO ADDRESS1(customer_id, address_type, street, city, state, zip)VALUES(6,'Home','1547 Mueller Rd. Apt 14', 'St. Peters', 'MO', '63366');
INSERT INTO ADDRESS1(customer_id, address_type, street, city, state, zip)VALUES(7,'Home','4121 Blackwell St.', 'Wasilla', 'AK', '99654');
INSERT INTO ADDRESS1(customer_id, address_type, street, city, state, zip)VALUES(8,'Home','1858 Owen Ln', 'Traverse CIty', 'MI', '49684');
INSERT INTO ADDRESS1(customer_id, address_type, street, city, state, zip)VALUES(9,'Home', '1130 Metz Ln', 'San Diego', 'CA', '92123');
INSERT INTO ADDRESS1(customer_id, address_type, street, city, state, zip)VALUES(10,'Home','262 Hayhurst Ln', 'Southfield', 'MI', '48075');
INSERT INTO ADDRESS1(customer_id, address_type, street, city, state, zip)VALUES(11,'Home', '3620 Atha Dr', 'Bakersfield', 'CA', '93307');
INSERT INTO ADDRESS1(customer_id, address_type, street, city, state, zip)VALUES(1,'Alternate', '3307 Maple Ave', 'Plymouth', 'CA', '95669');
INSERT INTO ADDRESS1(customer_id, address_type, street, city, state, zip)VALUES(2,'Alternate', '2837 Charack Rd', 'Bloomington', 'IN', '47408');
INSERT INTO ADDRESS1(customer_id, address_type, street, city, state, zip)VALUES(3,'Alternate', '1661 Terra Cotta St', 'Kennedy', 'MN', '56733');
INSERT INTO ADDRESS1(customer_id, address_type, street, city, state, zip)VALUES(4,'Alternate', '307 South St', 'Galloway', 'WN', '54432');
INSERT INTO ADDRESS1(customer_id, address_type, street, city, state, zip)VALUES(5,'Alternate', '3962 Trymore Rd', 'Redwood Falls', 'MN', '56283');
INSERT INTO ADDRESS1(customer_id, address_type, street, city, state, zip)VALUES(6,'Alternate', '288 Taylor St', 'Yonkers', 'NY', '10701');
INSERT INTO ADDRESS1(customer_id, address_type, street, city, state, zip)VALUES(7,'Alternate', '4138 Diane St', 'Los Angeles', 'CA', '90017');
INSERT INTO ADDRESS1(customer_id, address_type, street, city, state, zip)VALUES(8,'Alternate', '418 Cerullo Rd', 'Atlanta', 'GA', '30316');
INSERT INTO ADDRESS1(customer_id, address_type, street, city, state, zip)VALUES(9,'Alternate','98 Russel Street', 'South Range', 'WI', '54874');
INSERT INTO ADDRESS1(customer_id, address_type, street, city, state, zip)VALUES(10,'Alternate', '4836 Fraggle Drive', 'Oak Brook', 'IL', '60523');
INSERT INTO ADDRESS1(customer_id, address_type, street, city, state, zip)VALUES(11,'Alternate', '2022 Watson St', 'Vineland', 'NJ', '08360');




INSERT INTO EMPLOYEE(EMPLOYEE_TYPE, employee_info, PAY_RATE) VALUES('MANAGER', 'KERRY ESTRADA',27.25);
INSERT INTO EMPLOYEE(EMPLOYEE_TYPE, employee_info,PAY_RATE) VALUES('HUMAN RESOURCES','CARRIE BLAKE',23.50);
INSERT INTO EMPLOYEE(EMPLOYEE_TYPE, employee_info, PAY_RATE) VALUES('SALES PERSON','WAYNE THOMAS',19.00);
INSERT INTO EMPLOYEE(EMPLOYEE_TYPE, employee_info, PAY_RATE) VALUES('HUMAN RESOURCES','DENISE HORTON', 21.00);
INSERT INTO EMPLOYEE(EMPLOYEE_TYPE, employee_info, PAY_RATE) VALUES('MANAGER','MOSES CRAIG', 35.00);
INSERT INTO EMPLOYEE(EMPLOYEE_TYPE, employee_info, PAY_RATE) VALUES('CORPORATE','PATSY FOWLER', 27.75);
INSERT INTO EMPLOYEE(EMPLOYEE_TYPE, employee_info, PAY_RATE) VALUES('BUYER','DEVIN BRIGGS', 18.50);
INSERT INTO EMPLOYEE(EMPLOYEE_TYPE, employee_info, PAY_RATE) VALUES('BUYER','LESLIE NELSON', 29.00);
INSERT INTO EMPLOYEE(EMPLOYEE_TYPE, employee_info, PAY_RATE) VALUES('SALES PERSON','RANDY PETERS', 25.50);
INSERT INTO EMPLOYEE(EMPLOYEE_TYPE, employee_info, PAY_RATE) VALUES('SALES PERSON','AGNES ANDERSON', 26.50);
INSERT INTO EMPLOYEE(EMPLOYEE_TYPE, employee_info, PAY_RATE) VALUES('WAREHOUSE WORKER','LUKE CHAVEZ', 22.25);
INSERT INTO EMPLOYEE(EMPLOYEE_TYPE, employee_info, PAY_RATE) VALUES('WAREHOUSE WORKER','REGINA ELLIOTT', 19.95);
INSERT INTO EMPLOYEE(EMPLOYEE_TYPE, employee_info, PAY_RATE) VALUES('WAREHOUSE WORKER','OLIVER WALSH', 24.75);



INSERT INTO SALES_TRANSACTION(TRANSACTION_DATE, OTHER_INFO, EMPLOYEE_ID) VALUES ('12-JUN-2016',NULL,1);
INSERT INTO SALES_TRANSACTION(TRANSACTION_DATE, OTHER_INFO, EMPLOYEE_ID) VALUES ('20-JAN-2016',NULL,2);
INSERT INTO SALES_TRANSACTION(TRANSACTION_DATE, OTHER_INFO, EMPLOYEE_ID) VALUES ('30-MAR-2015',NULL,3);
INSERT INTO SALES_TRANSACTION(TRANSACTION_DATE, OTHER_INFO, EMPLOYEE_ID) VALUES ('5-OCT-2016',NULL,4);
INSERT INTO SALES_TRANSACTION(TRANSACTION_DATE, OTHER_INFO, EMPLOYEE_ID) VALUES ('18-JAN-2015',NULL,5);
INSERT INTO SALES_TRANSACTION(TRANSACTION_DATE, OTHER_INFO, EMPLOYEE_ID) VALUES ('07-AUG-2016',NULL,6);
INSERT INTO SALES_TRANSACTION(TRANSACTION_DATE, OTHER_INFO, EMPLOYEE_ID) VALUES ('01-MAY-2015',NULL,7);
INSERT INTO SALES_TRANSACTION(TRANSACTION_DATE, OTHER_INFO, EMPLOYEE_ID) VALUES ('02-MAY-2016',NULL,8);
INSERT INTO SALES_TRANSACTION(TRANSACTION_DATE, OTHER_INFO, EMPLOYEE_ID) VALUES ('03-JAN-2017',NULL,9);
INSERT INTO SALES_TRANSACTION(TRANSACTION_DATE, OTHER_INFO, EMPLOYEE_ID) VALUES ('10-MAY-2016',NULL,10);
INSERT INTO SALES_TRANSACTION(TRANSACTION_DATE, OTHER_INFO, EMPLOYEE_ID) VALUES ('02-JAN-2015',NULL,11);
INSERT INTO SALES_TRANSACTION(TRANSACTION_DATE, OTHER_INFO, EMPLOYEE_ID) VALUES ('08-JAN-2016',NULL,12);
INSERT INTO SALES_TRANSACTION(TRANSACTION_DATE, OTHER_INFO, EMPLOYEE_ID) VALUES ('15-NOV-2016',NULL,2);
INSERT INTO SALES_TRANSACTION(TRANSACTION_DATE, OTHER_INFO, EMPLOYEE_ID) VALUES ('29-NOV-2015',NULL,3);
INSERT INTO SALES_TRANSACTION(TRANSACTION_DATE, OTHER_INFO, EMPLOYEE_ID) VALUES ('26-AUG-2016',NULL,4);
INSERT INTO SALES_TRANSACTION(TRANSACTION_DATE, OTHER_INFO, EMPLOYEE_ID) VALUES ('07-JUL-2016',NULL,5);
INSERT INTO SALES_TRANSACTION(TRANSACTION_DATE, OTHER_INFO, EMPLOYEE_ID) VALUES ('18-FEB-2015',NULL,6);
INSERT INTO SALES_TRANSACTION(TRANSACTION_DATE, OTHER_INFO, EMPLOYEE_ID) VALUES ('03-FEB-2017',NULL,7);
INSERT INTO SALES_TRANSACTION(TRANSACTION_DATE, OTHER_INFO, EMPLOYEE_ID) VALUES ('07-APR-2017',NULL,8);
INSERT INTO SALES_TRANSACTION(TRANSACTION_DATE, OTHER_INFO, EMPLOYEE_ID) VALUES ('29-APR-2017',NULL,9);

INSERT INTO PAYMENT_TYPE(PAYMENT_DESCRIPTION) VALUES('Master Card');
INSERT INTO PAYMENT_TYPE(PAYMENT_DESCRIPTION) VALUES('Visa');
INSERT INTO PAYMENT_TYPE(PAYMENT_DESCRIPTION) VALUES('American Express');
INSERT INTO PAYMENT_TYPE(PAYMENT_DESCRIPTION) VALUES('Discover');
INSERT INTO PAYMENT_TYPE(PAYMENT_DESCRIPTION) VALUES('Check');
INSERT INTO PAYMENT_TYPE(PAYMENT_DESCRIPTION) VALUES('Cash');

INSERT INTO PAYMENTS(customer_id, sales_transaction_id, payment_type_id, payment_amount) VALUES(1, 1, 1, 25.95);
INSERT INTO PAYMENTS(customer_id, sales_transaction_id, payment_type_id, payment_amount) VALUES(2, 2, 2, 100.59);
INSERT INTO PAYMENTS(customer_id, sales_transaction_id, payment_type_id, payment_amount) VALUES(3, 3, 3, 55.02);
INSERT INTO PAYMENTS(customer_id, sales_transaction_id, payment_type_id, payment_amount) VALUES(4, 4, 4, 17.24);
INSERT INTO PAYMENTS(customer_id, sales_transaction_id, payment_type_id, payment_amount) VALUES(5, 5, 5, 1432.25);
INSERT INTO PAYMENTS(customer_id, sales_transaction_id, payment_type_id, payment_amount) VALUES(6, 6, 1, 1235.47);
INSERT INTO PAYMENTS(customer_id, sales_transaction_id, payment_type_id, payment_amount) VALUES(7, 7, 2, 359.45);
INSERT INTO PAYMENTS(customer_id, sales_transaction_id, payment_type_id, payment_amount) VALUES(8, 8, 3, 125.14);
INSERT INTO PAYMENTS(customer_id, sales_transaction_id, payment_type_id, payment_amount) VALUES(9, 9, 4, 21.99);
INSERT INTO PAYMENTS(customer_id, sales_transaction_id, payment_type_id, payment_amount) VALUES(10, 10, 5, 15.74);
INSERT INTO PAYMENTS(customer_id, sales_transaction_id, payment_type_id, payment_amount) VALUES(11, 11, 1, 325.12);
INSERT INTO PAYMENTS(customer_id, sales_transaction_id, payment_type_id, payment_amount) VALUES(1, 12, 2, 8.99);
INSERT INTO PAYMENTS(customer_id, sales_transaction_id, payment_type_id, payment_amount) VALUES(2, 13, 3, 72.50);
INSERT INTO PAYMENTS(customer_id, sales_transaction_id, payment_type_id, payment_amount) VALUES(3, 14, 4, 1254.23);
INSERT INTO PAYMENTS(customer_id, sales_transaction_id, payment_type_id, payment_amount) VALUES(4, 15, 5, 44.95);
INSERT INTO PAYMENTS(customer_id, sales_transaction_id, payment_type_id, payment_amount) VALUES(5, 16, 1, 23.50);
INSERT INTO PAYMENTS(customer_id, sales_transaction_id, payment_type_id, payment_amount) VALUES(6, 17, 2, 145.60);
INSERT INTO PAYMENTS(customer_id, sales_transaction_id, payment_type_id, payment_amount) VALUES(6, 18, 3, 125.40);
INSERT INTO PAYMENTS(customer_id, sales_transaction_id, payment_type_id, payment_amount) VALUES(8, 19, 4, 95.63);
INSERT INTO PAYMENTS(customer_id, sales_transaction_id, payment_type_id, payment_amount) VALUES(9, 20, 5, 450.25);

INSERT INTO sales_commission(commission_date, rate, amount, employee_id) VALUES('12-JUN-2016',0.15,25.00,1);
INSERT INTO sales_commission(commission_date, rate, amount, employee_id) VALUES('20-JAN-2016', 0.15,13.50,2);
INSERT INTO sales_commission(commission_date, rate, amount, employee_id) VALUES('30-MAR-2015',0.15,27.25,3);
INSERT INTO sales_commission(commission_date, rate, amount, employee_id) VALUES('5-OCT-2016',0.15,30.00,4);
INSERT INTO sales_commission(commission_date, rate, amount, employee_id) VALUES('18-JAN-2015',0.15,50.00,5);
INSERT INTO sales_commission(commission_date, rate, amount, employee_id) VALUES('07-AUG-2016',0.15,55.00,6);
INSERT INTO sales_commission(commission_date, rate, amount, employee_id) VALUES('01-MAY-2015',0.15,13.25,7);
INSERT INTO sales_commission(commission_date, rate, amount, employee_id) VALUES('02-MAY-2016',0.15,14.10,8);
INSERT INTO sales_commission(commission_date, rate, amount, employee_id) VALUES('03-JAN-2017',0.15,32.75,9);
INSERT INTO sales_commission(commission_date, rate, amount, employee_id) VALUES('10-MAY-2016',0.15,45.00,10);
INSERT INTO sales_commission(commission_date, rate, amount, employee_id) VALUES('02-JAN-2015',0.15,15.00,11);
INSERT INTO sales_commission(commission_date, rate, amount, employee_id) VALUES('08-JAN-2016',0.15,21.00,12);
INSERT INTO sales_commission(commission_date, rate, amount, employee_id) VALUES('15-NOV-2016',0.15,26.50,2);
INSERT INTO sales_commission(commission_date, rate, amount, employee_id) VALUES('29-NOV-2015',0.15,150.00,4);
INSERT INTO sales_commission(commission_date, rate, amount, employee_id) VALUES('26-AUG-2016',0.15,47.23,5);
INSERT INTO sales_commission(commission_date, rate, amount, employee_id) VALUES('07-JUL-2016',0.15,325.00,6);
INSERT INTO sales_commission(commission_date, rate, amount, employee_id) VALUES('18-FEB-2015',0.15,14.25,7);
INSERT INTO sales_commission(commission_date, rate, amount, employee_id) VALUES('03-FEB-2017',0.15,89.00,8);
INSERT INTO sales_commission(commission_date, rate, amount, employee_id) VALUES('07-APR-2017',0.15,21.00,9);
INSERT INTO sales_commission(commission_date, rate, amount, employee_id) VALUES('29-APR-2017',0.15,10.00,10);
INSERT INTO sales_commission(commission_date, rate, amount, employee_id) VALUES('01-MAY-2017',0.1,25.00,9);
INSERT INTO sales_commission(commission_date, rate, amount, employee_id) VALUES('02-MAY-2017',0.1,17.50,10);
INSERT INTO sales_commission(commission_date, rate, amount, employee_id) VALUES('01-MAY-2017',0.1,32.15,10);
INSERT INTO sales_commission(commission_date, rate, amount, employee_id) VALUES('30-APR-2017',0.1,15.00,9);
INSERT INTO sales_commission(commission_date, rate, amount, employee_id) VALUES('02-MAY-2017',0.1,23.25,9);

INSERT INTO VENDOR(vendorname, street, CITY, state, ZIP, phone, alt_phone) VALUES('Hewlett Packard','123 6th Street','Melbourne', 'FL', '32904','325-456-5874','554-747-9856' );
INSERT INTO VENDOR(vendorname, street, CITY, state, ZIP, phone, alt_phone) VALUES('Hon Hai Precision Industry','71 Pilgrim Avenue', 'Chevy Chase', 'MD', '20815','444-567-2321','235-574-5749');
INSERT INTO VENDOR(vendorname, street, CITY, state, ZIP, phone, alt_phone) VALUES('Apple', '70 Bowman St', 'South Windsor', 'CT', '06074','234-784-9958','124-748-5687');
INSERT INTO VENDOR(vendorname, street, CITY, state, ZIP, phone, alt_phone) VALUES('IBM', '4 Goldfield Rd', 'Honolulu', 'HI', '96815', '214-874-2358', '525-874-6658');
INSERT INTO VENDOR(vendorname, street, CITY, state, ZIP, phone, alt_phone) VALUES('Sony', '44 Shirley Avenue', 'West Chicago', 'IL', '60185', '665-885-7458', '456-784-5512');
INSERT INTO VENDOR(vendorname, street, CITY, state, ZIP, phone, alt_phone) VALUES('Dell', '514 S. Magnolia St.', 'Orlando', 'FL', '32806', '565-847-5568', '145-887-5641');
INSERT INTO VENDOR(vendorname, street, CITY, state, ZIP, phone, alt_phone) VALUES('Fujitsu', '23 Manor St.', 'Fall River', 'MA', '02720', '235-698-5974', '124-587-8852');
INSERT INTO VENDOR(vendorname, street, CITY, state, ZIP, phone, alt_phone) VALUES('Intel', '2 NE. Marvon Avenue', 'Orland Park', 'IL', '60462', '985-632-5478', '653-325-6547');
INSERT INTO VENDOR(vendorname, street, CITY, state, ZIP, phone, alt_phone) VALUES('Nokia', '7512 Olive St.', 'Hightstown', 'NJ', '08520', '436-562-3325', '784-564-5523');
INSERT INTO VENDOR(vendorname, street, CITY, state, ZIP, phone, alt_phone) VALUES('LG Electronics', '8 Orchard St.', 'Akron', 'OH', '44312', '454-745-5684', '129-567-4874');
INSERT INTO VENDOR(vendorname, street, CITY, state, ZIP, phone, alt_phone) VALUES('Canon, Inc', '213 Windfall Ct.', 'Geneva', 'IL', '60134', '547-856-3265', '124-457-4463');
INSERT INTO VENDOR(vendorname, street, CITY, state, ZIP, phone, alt_phone) VALUES('Quanta Computer', '370 Bay Meadows Dr.', 'Hummelstown', 'PA', '17036', '465-652-2235', '235-541-7745');
INSERT INTO VENDOR(vendorname, street, CITY, state, ZIP, phone, alt_phone) VALUES('Ingram Micro', '8503 Ivy Ln', 'Muskegon', 'MI', '49441', '457-568-8841', '632-354-5574');
INSERT INTO VENDOR(vendorname, street, CITY, state, ZIP, phone, alt_phone) VALUES('Oracle Corporation', '8057 Mechanic Dr.', 'Whitehall', 'PA', '18052', '471-256-6632', '414-778-6589');
INSERT INTO VENDOR(vendorname, street, CITY, state, ZIP, phone, alt_phone) VALUES('Royal Plilips Electronics', '7259 Thorne Street', 'Middleberg', 'FL', '32068', '564-857-6641', '117-564-8412');

INSERT INTO purchase_order_header(vendor_id, po_date, other_info) VALUES(1,'15-AUG-2016',NULL);
INSERT INTO purchase_order_header(vendor_id, po_date, other_info) VALUES(2,'01-JAN-2017',NULL);
INSERT INTO purchase_order_header(vendor_id, po_date, other_info) VALUES(3,'13-SEP-2016',NULL);
INSERT INTO purchase_order_header(vendor_id, po_date, other_info) VALUES(4,'21-NOV-2015',NULL);
INSERT INTO purchase_order_header(vendor_id, po_date, other_info) VALUES(5,'03-MAR-2017',NULL);
INSERT INTO purchase_order_header(vendor_id, po_date, other_info) VALUES(6,'25-APR-2014',NULL);
INSERT INTO purchase_order_header(vendor_id, po_date, other_info) VALUES(7,'16-MAY-2015',NULL);
INSERT INTO purchase_order_header(vendor_id, po_date, other_info) VALUES(8,'21-JUN-2016',NULL);
INSERT INTO purchase_order_header(vendor_id, po_date, other_info) VALUES(9,'02-JUL-2014',NULL);
INSERT INTO purchase_order_header(vendor_id, po_date, other_info) VALUES(10,'23-SEP-2015',NULL);
INSERT INTO purchase_order_header(vendor_id, po_date, other_info) VALUES(11,'15-OCT-2016',NULL);
INSERT INTO purchase_order_header(vendor_id, po_date, other_info) VALUES(12,'04-NOV-2013',NULL);
INSERT INTO purchase_order_header(vendor_id, po_date, other_info) VALUES(13,'17-DEC-2016',NULL);
INSERT INTO purchase_order_header(vendor_id, po_date, other_info) VALUES(14,'13-JAN-2017',NULL);
INSERT INTO purchase_order_header(vendor_id, po_date, other_info) VALUES(15,'18-FEB-2016',NULL);
INSERT INTO purchase_order_header(vendor_id, po_date, other_info) VALUES(1,'25-MAR-2014',NULL);
INSERT INTO purchase_order_header(vendor_id, po_date, other_info) VALUES(2,'03-APR-2016',NULL);
INSERT INTO purchase_order_header(vendor_id, po_date, other_info) VALUES(3,'16-MAY-2017',NULL);
INSERT INTO purchase_order_header(vendor_id, po_date, other_info) VALUES(4,'13-JUN-2016',NULL);
INSERT INTO purchase_order_header(vendor_id, po_date, other_info) VALUES(5,'23-JUL-2015',NULL);

INSERT INTO store_location(location_address) VALUES('1425 Olive St., St. Louis MO 63101');
INSERT INTO store_location(location_address) VALUES('3632 Church Rd., St. Charles MO 63301');
INSERT INTO store_location(location_address) VALUES('2314 Woodford Way Dr., Bridgetom MO 63044');
INSERT INTO store_location(location_address) VALUES('154 E. 56th St., Kansas City MO 64136');
INSERT INTO store_location(location_address) VALUES('5474 Nirk Ave., Kirkwood MO 63122');

INSERT INTO PRODUCT(product_desc) VALUES('Fire TV Stick with ALexa, Voice Remote');
INSERT INTO PRODUCT(product_desc) VALUES('Echo Dot, 2nd Generation');
INSERT INTO PRODUCT(product_desc) VALUES('Fire HD 8 Tablet with Alexa, 8" HD Display');
INSERT INTO PRODUCT(product_desc) VALUES('Nest Cam Indoor Security Camera');
INSERT INTO PRODUCT(product_desc) VALUES('Nikon Coolpix L340 20.2 MP Digital Camera');
INSERT INTO PRODUCT(product_desc) VALUES('Brother MFCL2700DW Compact Laser All in One printer');
INSERT INTO PRODUCT(product_desc) VALUES('ASUS VS228H-P 21.5" Full HD Monitor');
INSERT INTO PRODUCT(product_desc) VALUES('WD 2TB Elements Portable External Hard Drive');
INSERT INTO PRODUCT(product_desc) VALUES('SanDisk Ultra Fit 64GB USB 3.0 Flash Drive');
INSERT INTO PRODUCT(product_desc) VALUES('iPhone 7 Plus Screen Protector');
INSERT INTO PRODUCT(product_desc) VALUES('SENSO Bluetooth Headphones');
INSERT INTO PRODUCT(product_desc) VALUES('HP 61 Black & Tri-color Original Ink Cartridges');
INSERT INTO PRODUCT(product_desc) VALUES('Duracell C Cell Alkaline Batteries');
INSERT INTO PRODUCT(product_desc) VALUES('TCL 50FS3800 50-in 1080p Roku Smart LED TV');
INSERT INTO PRODUCT(product_desc) VALUES('iPazzPort Wireless Mini Keyboard with Touchpad');
INSERT INTO PRODUCT(product_desc) VALUES('Epson VS240 SVGA 3LCD Projector');
INSERT INTO PRODUCT(product_desc) VALUES('Samsung Blu-ray Player w/ Built-In WI-FI');
INSERT INTO PRODUCT(product_desc) VALUES('Sanyo Blu-ray Player w/ Built-in WI-FI');
INSERT INTO PRODUCT(product_desc) VALUES('Garmin Nuvi 57LM GPS Navigator System');
INSERT INTO PRODUCT(product_desc) VALUES('Taotronics Bike Phone Mount Bicycle Holder');
INSERT INTO PRODUCT(product_desc) VALUES('Jensen CD-490 Sport Stereo CD Player');
INSERT INTO PRODUCT(product_desc) VALUES('Motorola MH230R 23-Mile Range 22-Channel 2-way Radio');
INSERT INTO PRODUCT(product_desc) VALUES('Vic Tsing Shower Speaker, Wireless Waterproof');
INSERT INTO PRODUCT(product_desc) VALUES('Sony CFDS70BLK CD/Cassette Boombox');
INSERT INTO PRODUCT(product_desc) VALUES('Axess 7-Inch LCDV TV with ATSC Tuner');
INSERT INTO PRODUCT(product_desc) VALUES('Toshiba MV13P2 13-Inch TV/VCR Combo');

INSERT INTO ITEM(product_code, IS_DISCONTINUED) VALUES(1,'N');
INSERT INTO ITEM(product_code, IS_DISCONTINUED) VALUES(2,'N');
INSERT INTO ITEM(product_code, IS_DISCONTINUED) VALUES(3,'N');
INSERT INTO ITEM(product_code, IS_DISCONTINUED) VALUES(4,'N');
INSERT INTO ITEM(product_code, IS_DISCONTINUED) VALUES(5,'N');
INSERT INTO ITEM(product_code, IS_DISCONTINUED) VALUES(6,'N');
INSERT INTO ITEM(product_code, IS_DISCONTINUED) VALUES(7,'N');
INSERT INTO ITEM(product_code, IS_DISCONTINUED) VALUES(8,'N');
INSERT INTO ITEM(product_code, IS_DISCONTINUED) VALUES(14,'N');
INSERT INTO ITEM(product_code, IS_DISCONTINUED) VALUES(15,'N');
INSERT INTO ITEM(product_code, IS_DISCONTINUED) VALUES(16,'N');
INSERT INTO ITEM(product_code, IS_DISCONTINUED) VALUES(17,'N');
INSERT INTO ITEM(product_code, IS_DISCONTINUED) VALUES(18,'N');
INSERT INTO ITEM(product_code, IS_DISCONTINUED) VALUES(19,'N');
INSERT INTO ITEM(product_code, IS_DISCONTINUED) VALUES(20,'N');
INSERT INTO ITEM(product_code, IS_DISCONTINUED) VALUES(21,'N');
INSERT INTO ITEM(product_code, IS_DISCONTINUED) VALUES(22,'N');
INSERT INTO ITEM(product_code, IS_DISCONTINUED) VALUES(23,'N');
INSERT INTO ITEM(product_code, IS_DISCONTINUED) VALUES(24,'N');
INSERT INTO ITEM(product_code, IS_DISCONTINUED) VALUES(25,'N');
INSERT INTO ITEM(product_code, IS_DISCONTINUED) VALUES(26,'N');

INSERT INTO bulk_item(product_code, IS_DISCONTINUED) VALUES(9,'N');
INSERT INTO bulk_item(product_code, IS_DISCONTINUED) VALUES(10,'N');
INSERT INTO bulk_item(product_code, IS_DISCONTINUED) VALUES(11,'N');
INSERT INTO bulk_item(product_code, IS_DISCONTINUED) VALUES(12,'N');
INSERT INTO bulk_item(product_code, IS_DISCONTINUED) VALUES(13,'N');

INSERT INTO PRICE(item_number, sales_price, start_date, end_date) VALUES(1, 39.99, '13-JAN-2016', NULL);
INSERT INTO PRICE(item_number, sales_price, start_date, end_date) VALUES(2,49.99,'21-NOV-2016',NULL);
INSERT INTO PRICE(item_number, sales_price, start_date, end_date) VALUES(3,113.50,'15-FEB-2017',NULL);
INSERT INTO PRICE(item_number, sales_price, start_date, end_date) VALUES(4,59.99,'02-DEC-2014',NULL);
INSERT INTO PRICE(item_number, sales_price, start_date, end_date) VALUES(5,198.99,'13-MAY-2016',NULL);
INSERT INTO PRICE(item_number, sales_price, start_date, end_date) VALUES(6,399.99,'01-JAN-2017',NULL);
INSERT INTO PRICE(item_number, sales_price, start_date, end_date) VALUES(7,219.99,'01-JAN-2017',NULL);
INSERT INTO PRICE(item_number, sales_price, start_date, end_date) VALUES(8,199.99,'01-JAN-2017',NULL);
INSERT INTO PRICE(item_number, sales_price, start_date, end_date) VALUES(14,299.99,'01-JAN-2017',NULL);
INSERT INTO PRICE(item_number, sales_price, start_date, end_date) VALUES(15,49.99,'01-JAN-2017',NULL);
INSERT INTO PRICE(item_number, sales_price, start_date, end_date) VALUES(16,249.99,'02-DEC-2014',NULL);
INSERT INTO PRICE(item_number, sales_price, start_date, end_date) VALUES(17,199.99,'02-DEC-2014',NULL);
INSERT INTO PRICE(item_number, sales_price, start_date, end_date) VALUES(18,199.99,'02-DEC-2014',NULL);
INSERT INTO PRICE(item_number, sales_price, start_date, end_date) VALUES(19,219.99,'02-DEC-2014',NULL);
INSERT INTO PRICE(item_number, sales_price, start_date, end_date) VALUES(20,19.99,'15-FEB-2017',NULL);
INSERT INTO PRICE(item_number, sales_price, start_date, end_date) VALUES(21,79.99,'15-FEB-2017',NULL);

INSERT INTO BULK_PRICE(bitem_number, sales_price, start_date, end_date) VALUES(1, 19.99, '1-JAN-2017', NULL);
INSERT INTO BULK_PRICE(bitem_number, sales_price, start_date, end_date) VALUES(2, 9.99, '1-JAN-2017', NULL);
INSERT INTO BULK_PRICE(bitem_number, sales_price, start_date, end_date) VALUES(3, 15.99, '1-JAN-2017', NULL);
INSERT INTO BULK_PRICE(bitem_number, sales_price, start_date, end_date) VALUES(4, 19.99, '1-JAN-2017', NULL);
INSERT INTO BULK_PRICE(bitem_number, sales_price, start_date, end_date) VALUES(5, 4.99, '1-JAN-2017', NULL);

INSERT INTO item_detail(location_id, item_number, available_quantity, reorder_quantity, item_location_address) VALUES(1,1,7,5,'1A1');
INSERT INTO item_detail(location_id, item_number, available_quantity, reorder_quantity, item_location_address) VALUES(2,2,5,5,'2A1');
INSERT INTO item_detail(location_id, item_number, available_quantity, reorder_quantity, item_location_address) VALUES(3,3,2,5,'3A1');
INSERT INTO item_detail(location_id, item_number, available_quantity, reorder_quantity, item_location_address) VALUES(4,4,6,5,'4A1');
INSERT INTO item_detail(location_id, item_number, available_quantity, reorder_quantity, item_location_address) VALUES(1,5,4,5,'1A2');
INSERT INTO item_detail(location_id, item_number, available_quantity, reorder_quantity, item_location_address) VALUES(2,6,7,5,'2A2');
INSERT INTO item_detail(location_id, item_number, available_quantity, reorder_quantity, item_location_address) VALUES(3,7,9,5,'3A2');
INSERT INTO item_detail(location_id, item_number, available_quantity, reorder_quantity, item_location_address) VALUES(4,8,2,5,'4A2');
INSERT INTO item_detail(location_id, item_number, available_quantity, reorder_quantity, item_location_address) VALUES(1,9,1,5,'1A3');
INSERT INTO item_detail(location_id, item_number, available_quantity, reorder_quantity, item_location_address) VALUES(2,10,8,5,'2A3');
INSERT INTO item_detail(location_id, item_number, available_quantity, reorder_quantity, item_location_address) VALUES(3,11,5,5,'3A3');
INSERT INTO item_detail(location_id, item_number, available_quantity, reorder_quantity, item_location_address) VALUES(4,12,3,5,'4A3');
INSERT INTO item_detail(location_id, item_number, available_quantity, reorder_quantity, item_location_address) VALUES(1,13,8,5,'1A4');
INSERT INTO item_detail(location_id, item_number, available_quantity, reorder_quantity, item_location_address) VALUES(2,14, 9,5,'2A4');
INSERT INTO item_detail(location_id, item_number, available_quantity, reorder_quantity, item_location_address) VALUES(3,15, 4,5,'3A4');
INSERT INTO item_detail(location_id, item_number, available_quantity, reorder_quantity, item_location_address) VALUES(4,16, 8,5,'4A4');
INSERT INTO item_detail(location_id, item_number, available_quantity, reorder_quantity, item_location_address) VALUES(1,17,6,5,'1A5');
INSERT INTO item_detail(location_id, item_number, available_quantity, reorder_quantity, item_location_address) VALUES(2,18,5,5,'2A5');
INSERT INTO item_detail(location_id, item_number, available_quantity, reorder_quantity, item_location_address) VALUES(3,19,3,5,'3A5');
INSERT INTO item_detail(location_id, item_number, available_quantity, reorder_quantity, item_location_address) VALUES(4,20,2,5,'4A5');
INSERT INTO item_detail(location_id, item_number, available_quantity, reorder_quantity, item_location_address) VALUES(1,21,1,5,'1A6');

INSERT INTO item_detail(location_id, item_number, available_quantity, reorder_quantity, item_location_address) VALUES(4,1,3,5,'4B1');
INSERT INTO item_detail(location_id, item_number, available_quantity, reorder_quantity, item_location_address) VALUES(3,2,7,5,'3B1');
INSERT INTO item_detail(location_id, item_number, available_quantity, reorder_quantity, item_location_address) VALUES(2,3,9,5,'2B1');
INSERT INTO item_detail(location_id, item_number, available_quantity, reorder_quantity, item_location_address) VALUES(1,4,8,5,'1B1');
INSERT INTO item_detail(location_id, item_number, available_quantity, reorder_quantity, item_location_address) VALUES(4,5,6,5,'4B2');
INSERT INTO item_detail(location_id, item_number, available_quantity, reorder_quantity, item_location_address) VALUES(3,6,5,5,'3B2');
INSERT INTO item_detail(location_id, item_number, available_quantity, reorder_quantity, item_location_address) VALUES(2,7,4,5,'2B2');
INSERT INTO item_detail(location_id, item_number, available_quantity, reorder_quantity, item_location_address) VALUES(1,8,3,5,'1B2');
INSERT INTO item_detail(location_id, item_number, available_quantity, reorder_quantity, item_location_address) VALUES(4,9,2,5,'4B3');
INSERT INTO item_detail(location_id, item_number, available_quantity, reorder_quantity, item_location_address) VALUES(3,10,1,5,'3B3');
INSERT INTO item_detail(location_id, item_number, available_quantity, reorder_quantity, item_location_address) VALUES(2,11,9,5,'2B3');
INSERT INTO item_detail(location_id, item_number, available_quantity, reorder_quantity, item_location_address) VALUES(1,12,8,5,'1B3');
INSERT INTO item_detail(location_id, item_number, available_quantity, reorder_quantity, item_location_address) VALUES(4,13,7,5,'4B4');
INSERT INTO item_detail(location_id, item_number, available_quantity, reorder_quantity, item_location_address) VALUES(3,14,6,5,'3B4');
INSERT INTO item_detail(location_id, item_number, available_quantity, reorder_quantity, item_location_address) VALUES(2,15,5,5,'2B4');
INSERT INTO item_detail(location_id, item_number, available_quantity, reorder_quantity, item_location_address) VALUES(1,16,5,5,'1B4');
INSERT INTO item_detail(location_id, item_number, available_quantity, reorder_quantity, item_location_address) VALUES(4,17,4,5,'4B5');
INSERT INTO item_detail(location_id, item_number, available_quantity, reorder_quantity, item_location_address) VALUES(3,18, 3,5,'3B5');
INSERT INTO item_detail(location_id, item_number, available_quantity, reorder_quantity, item_location_address) VALUES(2,19,2,5,'2B5');
INSERT INTO item_detail(location_id, item_number, available_quantity, reorder_quantity, item_location_address) VALUES(1,20, 1,5,'1B5');
INSERT INTO item_detail(location_id, item_number, available_quantity, reorder_quantity, item_location_address) VALUES(1,21, 9,5,'1B6');

INSERT INTO item_detail(location_id, item_number, available_quantity, reorder_quantity, item_location_address) VALUES(4,1, 9,5,'4C6');
INSERT INTO item_detail(location_id, item_number, available_quantity, reorder_quantity, item_location_address) VALUES(4,2,8,5,'4C1');
INSERT INTO item_detail(location_id, item_number, available_quantity, reorder_quantity, item_location_address) VALUES(3,3,7,5,'3C1');
INSERT INTO item_detail(location_id, item_number, available_quantity, reorder_quantity, item_location_address) VALUES(2,4,6,5,'2C1');
INSERT INTO item_detail(location_id, item_number, available_quantity, reorder_quantity, item_location_address) VALUES(1,5,5,5,'1C1');
INSERT INTO item_detail(location_id, item_number, available_quantity, reorder_quantity, item_location_address) VALUES(4,6,4,5,'4C2');
INSERT INTO item_detail(location_id, item_number, available_quantity, reorder_quantity, item_location_address) VALUES(3,7,3,5,'3C2');
INSERT INTO item_detail(location_id, item_number, available_quantity, reorder_quantity, item_location_address) VALUES(2,8,2,5,'2C2');
INSERT INTO item_detail(location_id, item_number, available_quantity, reorder_quantity, item_location_address) VALUES(1,9,1,5,'1C2');
INSERT INTO item_detail(location_id, item_number, available_quantity, reorder_quantity, item_location_address) VALUES(4,10, 9,5,'4C3');
INSERT INTO item_detail(location_id, item_number, available_quantity, reorder_quantity, item_location_address) VALUES(3,11,8,5,'3C3');
INSERT INTO item_detail(location_id, item_number, available_quantity, reorder_quantity, item_location_address) VALUES(2,12,7,5,'2C3');
INSERT INTO item_detail(location_id, item_number, available_quantity, reorder_quantity, item_location_address) VALUES(1,13,6,5,'1C3');
INSERT INTO item_detail(location_id, item_number, available_quantity, reorder_quantity, item_location_address) VALUES(4,14,5,5,'4C4');
INSERT INTO item_detail(location_id, item_number, available_quantity, reorder_quantity, item_location_address) VALUES(3,15,4,5,'3C4');
INSERT INTO item_detail(location_id, item_number, available_quantity, reorder_quantity, item_location_address) VALUES(2,16,3,5,'2C4');
INSERT INTO item_detail(location_id, item_number, available_quantity, reorder_quantity, item_location_address) VALUES(1,17,3,5,'1C4');
INSERT INTO item_detail(location_id, item_number, available_quantity, reorder_quantity, item_location_address) VALUES(4,18,2,5,'4C5');
INSERT INTO item_detail(location_id, item_number, available_quantity, reorder_quantity, item_location_address) VALUES(3,19,1,5,'3C5');
INSERT INTO item_detail(location_id, item_number, available_quantity, reorder_quantity, item_location_address) VALUES(2,20, 9,5,'2C5');
INSERT INTO item_detail(location_id, item_number, available_quantity, reorder_quantity, item_location_address) VALUES(1,21,8,5,'1C5');

INSERT INTO bulk_item_detail(location_id, bitem_number, quantity_available, reorder_quantity, item_location_address) VALUES(1,1,50,25,'1Z1');
INSERT INTO bulk_item_detail(location_id, bitem_number, quantity_available, reorder_quantity, item_location_address) VALUES(2,2,75,25,'2Z1');
INSERT INTO bulk_item_detail(location_id, bitem_number, quantity_available, reorder_quantity, item_location_address) VALUES(3,3,35,25,'3Z1');
INSERT INTO bulk_item_detail(location_id, bitem_number, quantity_available, reorder_quantity, item_location_address) VALUES(4,4,120,25,'4Z1');
INSERT INTO bulk_item_detail(location_id, bitem_number, quantity_available, reorder_quantity, item_location_address) VALUES(1,5,100,25,'1Z2');
INSERT INTO bulk_item_detail(location_id, bitem_number, quantity_available, reorder_quantity, item_location_address) VALUES(2,1,41,25,'2Z2');
INSERT INTO bulk_item_detail(location_id, bitem_number, quantity_available, reorder_quantity, item_location_address) VALUES(3,2,35,25,'3Z2');
INSERT INTO bulk_item_detail(location_id, bitem_number, quantity_available, reorder_quantity, item_location_address) VALUES(4,3,50,25,'4Z2');
INSERT INTO bulk_item_detail(location_id, bitem_number, quantity_available, reorder_quantity, item_location_address) VALUES(1,4,50,25,'1Z3');
INSERT INTO bulk_item_detail(location_id, bitem_number, quantity_available, reorder_quantity, item_location_address) VALUES(2,5,25,25,'2Z3');
INSERT INTO bulk_item_detail(location_id, bitem_number, quantity_available, reorder_quantity, item_location_address) VALUES(3,1,40,25,'3Z3');
INSERT INTO bulk_item_detail(location_id, bitem_number, quantity_available, reorder_quantity, item_location_address) VALUES(4,2,10,25,'4Z3');
INSERT INTO bulk_item_detail(location_id, bitem_number, quantity_available, reorder_quantity, item_location_address) VALUES(1,3,45,22,'1Z4');
INSERT INTO bulk_item_detail(location_id, bitem_number, quantity_available, reorder_quantity, item_location_address) VALUES(2,4, 29,25,'2Z4');
INSERT INTO bulk_item_detail(location_id, bitem_number, quantity_available, reorder_quantity, item_location_address) VALUES(3,5, 33,25,'3Z4');
INSERT INTO bulk_item_detail(location_id, bitem_number, quantity_available, reorder_quantity, item_location_address) VALUES(4,1, 62,25,'3Z4');
INSERT INTO bulk_item_detail(location_id, bitem_number, quantity_available, reorder_quantity, item_location_address) VALUES(1,2, 15,25,'3Z4');
INSERT INTO bulk_item_detail(location_id, bitem_number, quantity_available, reorder_quantity, item_location_address) VALUES(2,3, 50,25,'3Z4');
INSERT INTO bulk_item_detail(location_id, bitem_number, quantity_available, reorder_quantity, item_location_address) VALUES(3,4, 19,25,'3Z4');
INSERT INTO bulk_item_detail(location_id, bitem_number, quantity_available, reorder_quantity, item_location_address) VALUES(4,5, 47,25,'3Z4');

INSERT INTO item_inventory(item_detail_id, item_cond) VALUES(1, 'Good');
INSERT INTO item_inventory(item_detail_id, item_cond) VALUES(2, 'Good');
INSERT INTO item_inventory(item_detail_id, item_cond) VALUES(3, 'Good');
INSERT INTO item_inventory(item_detail_id, item_cond) VALUES(4, 'Good');
INSERT INTO item_inventory(item_detail_id, item_cond) VALUES(5, 'Good');
INSERT INTO item_inventory(item_detail_id, item_cond) VALUES(6, 'Damaged');
INSERT INTO item_inventory(item_detail_id, item_cond) VALUES(7, 'Good');
INSERT INTO item_inventory(item_detail_id, item_cond) VALUES(8, 'Good');
INSERT INTO item_inventory(item_detail_id, item_cond) VALUES(9, 'Good');
INSERT INTO item_inventory(item_detail_id, item_cond) VALUES(10, 'Good');
INSERT INTO item_inventory(item_detail_id, item_cond) VALUES(11, 'Good');
INSERT INTO item_inventory(item_detail_id, item_cond) VALUES(12, 'Used');
INSERT INTO item_inventory(item_detail_id, item_cond) VALUES(13, 'Good');
INSERT INTO item_inventory(item_detail_id, item_cond) VALUES(14, 'Good');
INSERT INTO item_inventory(item_detail_id, item_cond) VALUES(15, 'Good');
INSERT INTO item_inventory(item_detail_id, item_cond) VALUES(16, 'Good');
INSERT INTO item_inventory(item_detail_id, item_cond) VALUES(17, 'Good');
INSERT INTO item_inventory(item_detail_id, item_cond) VALUES(18, 'Damaged');
INSERT INTO item_inventory(item_detail_id, item_cond) VALUES(19, 'Good');
INSERT INTO item_inventory(item_detail_id, item_cond) VALUES(20, 'Good');
INSERT INTO item_inventory(item_detail_id, item_cond) VALUES(21, 'Good');
INSERT INTO item_inventory(item_detail_id, item_cond) VALUES(22, 'Good');
INSERT INTO item_inventory(item_detail_id, item_cond) VALUES(23, 'Good');
INSERT INTO item_inventory(item_detail_id, item_cond) VALUES(24, 'Good');
INSERT INTO item_inventory(item_detail_id, item_cond) VALUES(25, 'Good');
INSERT INTO item_inventory(item_detail_id, item_cond) VALUES(26, 'Good');
INSERT INTO item_inventory(item_detail_id, item_cond) VALUES(27, 'Used');
INSERT INTO item_inventory(item_detail_id, item_cond) VALUES(28, 'Good');
INSERT INTO item_inventory(item_detail_id, item_cond) VALUES(29, 'Good');
INSERT INTO item_inventory(item_detail_id, item_cond) VALUES(30, 'Good');
INSERT INTO item_inventory(item_detail_id, item_cond) VALUES(31, 'Good');
INSERT INTO item_inventory(item_detail_id, item_cond) VALUES(32, 'Good');
INSERT INTO item_inventory(item_detail_id, item_cond) VALUES(33, 'Good');
INSERT INTO item_inventory(item_detail_id, item_cond) VALUES(34, 'Good');
INSERT INTO item_inventory(item_detail_id, item_cond) VALUES(35, 'Damaged');
INSERT INTO item_inventory(item_detail_id, item_cond) VALUES(36, 'Good');
INSERT INTO item_inventory(item_detail_id, item_cond) VALUES(37, 'Good');
INSERT INTO item_inventory(item_detail_id, item_cond) VALUES(38, 'Good');
INSERT INTO item_inventory(item_detail_id, item_cond) VALUES(39, 'Good');
INSERT INTO item_inventory(item_detail_id, item_cond) VALUES(40, 'Good');
INSERT INTO item_inventory(item_detail_id, item_cond) VALUES(41, 'Good');
INSERT INTO item_inventory(item_detail_id, item_cond) VALUES(42, 'Good');
INSERT INTO item_inventory(item_detail_id, item_cond) VALUES(43, 'Good');
INSERT INTO item_inventory(item_detail_id, item_cond) VALUES(44, 'Good');
INSERT INTO item_inventory(item_detail_id, item_cond) VALUES(45, 'Good');
INSERT INTO item_inventory(item_detail_id, item_cond) VALUES(46, 'Good');
INSERT INTO item_inventory(item_detail_id, item_cond) VALUES(47, 'Good');
INSERT INTO item_inventory(item_detail_id, item_cond) VALUES(48, 'Used');
INSERT INTO item_inventory(item_detail_id, item_cond) VALUES(49, 'Good');
INSERT INTO item_inventory(item_detail_id, item_cond) VALUES(50, 'Good');
INSERT INTO item_inventory(item_detail_id, item_cond) VALUES(51, 'Good');
INSERT INTO item_inventory(item_detail_id, item_cond) VALUES(52, 'Good');
INSERT INTO item_inventory(item_detail_id, item_cond) VALUES(53, 'Used');
INSERT INTO item_inventory(item_detail_id, item_cond) VALUES(54, 'Good');
INSERT INTO item_inventory(item_detail_id, item_cond) VALUES(55, 'Good');
INSERT INTO item_inventory(item_detail_id, item_cond) VALUES(56, 'Good');
INSERT INTO item_inventory(item_detail_id, item_cond) VALUES(57, 'Good');
INSERT INTO item_inventory(item_detail_id, item_cond) VALUES(58, 'Good');
INSERT INTO item_inventory(item_detail_id, item_cond) VALUES(59, 'Used');
INSERT INTO item_inventory(item_detail_id, item_cond) VALUES(60, 'Good');
INSERT INTO item_inventory(item_detail_id, item_cond) VALUES(61, 'Good');
INSERT INTO item_inventory(item_detail_id, item_cond) VALUES(62, 'Good');
INSERT INTO item_inventory(item_detail_id, item_cond) VALUES(63, 'Used');

insert into sales_transaction_detail (item_detail_id, bulk_item_detail_id, sales_transaction_id, employee_id, quantity, price) values (1,null,1,1,2,39.99);
insert into sales_transaction_detail (item_detail_id, bulk_item_detail_id, sales_transaction_id, employee_id, quantity, price) values (2,null,1,1,1,49.99);
insert into sales_transaction_detail (item_detail_id, bulk_item_detail_id, sales_transaction_id, employee_id, quantity, price) values (3,null,2,2,2,113.50);
insert into sales_transaction_detail (item_detail_id, bulk_item_detail_id, sales_transaction_id, employee_id, quantity, price) values (4,null,2,2,1,59.99);
insert into sales_transaction_detail (item_detail_id, bulk_item_detail_id, sales_transaction_id, employee_id, quantity, price) values (4,null,3,3,1,59.99);
insert into sales_transaction_detail (item_detail_id, bulk_item_detail_id, sales_transaction_id, employee_id, quantity, price) values (7,null,3,3,1,59.99);
insert into sales_transaction_detail (item_detail_id, bulk_item_detail_id, sales_transaction_id, employee_id, quantity, price) values (null,1,3,3,3,19.99);
insert into sales_transaction_detail (item_detail_id, bulk_item_detail_id, sales_transaction_id, employee_id, quantity, price) values (null,2,3,3,2,9.99);
insert into sales_transaction_detail (item_detail_id, bulk_item_detail_id, sales_transaction_id, employee_id, quantity, price) values (5,null,4,4,1,59.99);
insert into sales_transaction_detail (item_detail_id, bulk_item_detail_id, sales_transaction_id, employee_id, quantity, price) values (null,3,4,4,1,15.99);
insert into sales_transaction_detail (item_detail_id, bulk_item_detail_id, sales_transaction_id, employee_id, quantity, price) values (null,2,4,4,2,9.99);
insert into sales_transaction_detail (item_detail_id, bulk_item_detail_id, sales_transaction_id, employee_id, quantity, price) values (8,null,5,8,1,199.99);
insert into sales_transaction_detail (item_detail_id, bulk_item_detail_id, sales_transaction_id, employee_id, quantity, price) values (null,5,5,8,2,4.99);
insert into sales_transaction_detail (item_detail_id, bulk_item_detail_id, sales_transaction_id, employee_id, quantity, price) values (14,null,6,9,1,299.99);
insert into sales_transaction_detail (item_detail_id, bulk_item_detail_id, sales_transaction_id, employee_id, quantity, price) values (null,4,6,9,3,19.99);
insert into sales_transaction_detail (item_detail_id, bulk_item_detail_id, sales_transaction_id, employee_id, quantity, price) values (15,null,7,5,3,49.99);

insert into timecard (employee_id, location_id, time_in, time_out, total_hrs, total_pay) values (1,1, to_date('2017/04/01:04:00:00PM', 'yyyy/mm/dd:hh:mi:ssam'), to_date('2017/04/01:10:00:00PM', 'yyyy/mm/dd:hh:mi:ssam'), 10.00, 272.50);
insert into timecard (employee_id, location_id, time_in, time_out, total_hrs, total_pay) values (1,1, to_date('2017/04/01:04:00:00PM', 'yyyy/mm/dd:hh:mi:ssam'), to_date('2017/04/01:10:00:00PM', 'yyyy/mm/dd:hh:mi:ssam'), 10.00, 272.50);
insert into timecard (employee_id, location_id, time_in, time_out, total_hrs, total_pay) values (2,2, to_date('2017/04/01:04:00:00PM', 'yyyy/mm/dd:hh:mi:ssam'), to_date('2017/04/01:10:00:00PM', 'yyyy/mm/dd:hh:mi:ssam'), 10.00, 235.0);
insert into timecard (employee_id, location_id, time_in, time_out, total_hrs, total_pay) values (3,3, to_date('2017/04/01:04:00:00PM', 'yyyy/mm/dd:hh:mi:ssam'), to_date('2017/04/01:10:00:00PM', 'yyyy/mm/dd:hh:mi:ssam'), 8.00, 152.00);
insert into timecard (employee_id, location_id, time_in, time_out, total_hrs, total_pay) values (4,4, to_date('2017/04/01:04:00:00PM', 'yyyy/mm/dd:hh:mi:ssam'), to_date('2017/04/01:10:00:00PM', 'yyyy/mm/dd:hh:mi:ssam'), 7.50, 157.50);
insert into timecard (employee_id, location_id, time_in, time_out, total_hrs, total_pay) values (5,1, to_date('2017/04/01:04:00:00PM', 'yyyy/mm/dd:hh:mi:ssam'), to_date('2017/04/01:10:00:00PM', 'yyyy/mm/dd:hh:mi:ssam'), 10.00, 350.00);
insert into timecard (employee_id, location_id, time_in, time_out, total_hrs, total_pay) values (6,2, to_date('2017/04/01:04:00:00PM', 'yyyy/mm/dd:hh:mi:ssam'), to_date('2017/04/01:10:00:00PM', 'yyyy/mm/dd:hh:mi:ssam'), 8.00, 222.00);
insert into timecard (employee_id, location_id, time_in, time_out, total_hrs, total_pay) values (7,3, to_date('2017/04/01:04:00:00PM', 'yyyy/mm/dd:hh:mi:ssam'), to_date('2017/04/01:10:00:00PM', 'yyyy/mm/dd:hh:mi:ssam'), 6.00, 111.00);
insert into timecard (employee_id, location_id, time_in, time_out, total_hrs, total_pay) values (8,4, to_date('2017/04/01:04:00:00PM', 'yyyy/mm/dd:hh:mi:ssam'), to_date('2017/04/01:10:00:00PM', 'yyyy/mm/dd:hh:mi:ssam'), 10.00, 290.00);
insert into timecard (employee_id, location_id, time_in, time_out, total_hrs, total_pay) values (9,1, to_date('2017/04/01:04:00:00PM', 'yyyy/mm/dd:hh:mi:ssam'), to_date('2017/04/01:10:00:00PM', 'yyyy/mm/dd:hh:mi:ssam'), 6.5, 165.75);
insert into timecard (employee_id, location_id, time_in, time_out, total_hrs, total_pay) values (10,2, to_date('2017/04/01:04:00:00PM', 'yyyy/mm/dd:hh:mi:ssam'), to_date('2017/04/01:10:00:00PM', 'yyyy/mm/dd:hh:mi:ssam'), 7.00,185.50);

insert into purchase_order_detail (purchaseorder_id, item_detail_id, employee_id, bulk_item_detail_id, quantity, price) values (1, 1, 7, NULL, 1, 39.99);
insert into purchase_order_detail (purchaseorder_id, item_detail_id, employee_id, bulk_item_detail_id, quantity, price) values (2, 3, 8, NULL, 1, 113.50);
insert into purchase_order_detail (purchaseorder_id, item_detail_id, employee_id, bulk_item_detail_id, quantity, price) values (3, null, 7, 1, 25, 19.99);
insert into purchase_order_detail (purchaseorder_id, item_detail_id, employee_id, bulk_item_detail_id, quantity, price) values (4, 3, 8, NULL, 1, 113.50);
insert into purchase_order_detail (purchaseorder_id, item_detail_id, employee_id, bulk_item_detail_id, quantity, price) values (5, 7, 7, NULL, 1, 219.99);
insert into purchase_order_detail (purchaseorder_id, item_detail_id, employee_id, bulk_item_detail_id, quantity, price) values (6, null, 7, 2, 25, 9.99);
insert into purchase_order_detail (purchaseorder_id, item_detail_id, employee_id, bulk_item_detail_id, quantity, price) values (7, 14, 8, NULL, 1, 299.99);
insert into purchase_order_detail (purchaseorder_id, item_detail_id, employee_id, bulk_item_detail_id, quantity, price) values (8, 15, 8, NULL, 1, 49.99);
insert into purchase_order_detail (purchaseorder_id, item_detail_id, employee_id, bulk_item_detail_id, quantity, price) values (9, 16, 8, NULL, 1, 249.99);
insert into purchase_order_detail (purchaseorder_id, item_detail_id, employee_id, bulk_item_detail_id, quantity, price) values (10, null, 7, 3, 25, 15.99);
insert into purchase_order_detail (purchaseorder_id, item_detail_id, employee_id, bulk_item_detail_id, quantity, price) values (11, 15, 8, NULL, 1, 49.99);
insert into purchase_order_detail (purchaseorder_id, item_detail_id, employee_id, bulk_item_detail_id, quantity, price) values (12, 17, 7, NULL, 1, 199.99);
insert into purchase_order_detail (purchaseorder_id, item_detail_id, employee_id, bulk_item_detail_id, quantity, price) values (13, 18, 8, NULL, 1, 199.99);
insert into purchase_order_detail (purchaseorder_id, item_detail_id, employee_id, bulk_item_detail_id, quantity, price) values (14, null, 7, 4, 25, 19.99);
insert into purchase_order_detail (purchaseorder_id, item_detail_id, employee_id, bulk_item_detail_id, quantity, price) values (15, 20, 7, NULL, 1, 19.99);
insert into purchase_order_detail (purchaseorder_id, item_detail_id, employee_id, bulk_item_detail_id, quantity, price) values (16, 22, 8, NULL, 1, 39.99);
insert into purchase_order_detail (purchaseorder_id, item_detail_id, employee_id, bulk_item_detail_id, quantity, price) values (17, 23, 7, NULL, 1, 49.99);
insert into purchase_order_detail (purchaseorder_id, item_detail_id, employee_id, bulk_item_detail_id, quantity, price) values (18, null, 8, 5, 25, 4.99);
insert into purchase_order_detail (purchaseorder_id, item_detail_id, employee_id, bulk_item_detail_id, quantity, price) values (19, 24, 7, NULL, 1, 113.50);
insert into purchase_order_detail (purchaseorder_id, item_detail_id, employee_id, bulk_item_detail_id, quantity, price) values (20, 25, 7, NULL, 1, 39.99);

COMMIT;